<Mod Name="Stronger Remote Charges">
  <Author>Hazard (hazard_x@gmx.net)</Author>
  <Description>With this mod you'll get a lot more bang for your bucks! Remote charges pack stronger explosions now!</Description>
  <WebLink Name="Hazardous Mods">http://www.megamods.de</WebLink>
  <Changes>
    <Edit File="data\misc.vpp\explosions.xtbl" LIST_ACTION="COMBINE_BY_FIELD:Name">

      <Explosion>
        <Name>remote_charge</Name>

        <Radius>6.0</Radius>
        <vehicle_damage_max>6000</vehicle_damage_max>
        <vehicle_damage_min>400</vehicle_damage_min>
        <Impulse>74000</Impulse>
        <CrumbleRadius>9.0</CrumbleRadius>
        <KnockdownRadius>8.0</KnockdownRadius>
        <FlinchRadius>15</FlinchRadius>
        <human_damage_min>400</human_damage_min>
        <Human_Damage_Max>2500</Human_Damage_Max>
        <Structural_Damage>65000</Structural_Damage>
        <player_mult>0.75</player_mult>
        <player_veh_mult>0.75</player_veh_mult>
      </Explosion>

    </Edit>
    
  </Changes>
</Mod>