<!-- @Date: 2018-07-06T17:34:51-04:00 @Last modified time: 2018-07-06T22:01:04-04:00 -->

<Mod Name="[BM] Firearm Destruction Module">
  <Author>Sturm-Falke101</Author>
  <Description>Makes weapons pack a punch! Weapons will now suppress and cause damage to structures.
        [Clean] Will only make changes to attributes as needed.
        [Re-MARS-ter] Updated for Re-MARS-ter.
				Version 1.2
        Supression only applies to players, preventing AI problems.
				Optimized mode: Disables destruction on Enforcer, Pistol, Autoshotty and some turrets.
        This is done to reduce chances of hitting the explosion buffer, which causes delayed explosions.</Description>
  <WebLink Name="Sturm-Falke101's Realism And Balance Mods!">http://steamcommunity.com/sharedfiles/filedetails/?id=235529828</WebLink>
  <UserInput>

    <ListBox Name="SmallArmsDamageSettings" DisplayName="Small-Arms Damage Settings">
      <!--Simi Realistic Adjust Impulse to balance shooting walls and units Realistic (Small Crumble, Medium Chunks)-->
      <Option Name="Michael Bays Mode (Fun, Simi-Realistic)">
        <!--M16-Good mix between Firerate and Damage Over Time -->
        <Explosion>
          <Name>BulletImpactExplosionEffect</Name>
          <Radius>0.4</Radius>
          <AI_Sound_Radius>50</AI_Sound_Radius>
          <vehicle_damage_max>0</vehicle_damage_max>
          <vehicle_damage_min>0</vehicle_damage_min>
          <Impulse>500</Impulse>
          <Effects>
            <Element>ep_edf_grenade_trail</Element>
          </Effects>
          <_Editor>
            <Category>Entries</Category>
          </_Editor>
          <CrumbleRadius>0.1</CrumbleRadius>
          <KnockdownRadius>1.35</KnockdownRadius>
          <FlinchRadius>0</FlinchRadius>
          <player_mult>0.1</player_mult>
          <MaxSalvagePieces>0</MaxSalvagePieces>
          <SalvageProbability>0</SalvageProbability>
          <human_damage_min>0</human_damage_min>
          <Human_Damage_Max>0</Human_Damage_Max>
          <Structural_Damage>1800</Structural_Damage>
          <Unique_ID>74</Unique_ID>
          <camera_shake_type>explosion_small</camera_shake_type>
          <camera_shake_multiplier>0.35</camera_shake_multiplier>
          <camera_shake_falloff>15.0</camera_shake_falloff>
          <Flags>
            <Flag>no gibs</Flag>
          </Flags>
          <Blast_decal_radius>0.5</Blast_decal_radius>
          <player_veh_mult>0</player_veh_mult>
          <player_vehicle_impulse_mult>0</player_vehicle_impulse_mult>
          <Ignore_Orientation>False</Ignore_Orientation>
          <Always_Ragdoll>False</Always_Ragdoll>
        </Explosion>

        <!--50Cal-Increased Radius by a bit, buffed damage quite a bit -->
        <Explosion>
          <Name>BulletImpactExplosionEffect2</Name>
          <Radius>0.5</Radius>
          <AI_Sound_Radius>50</AI_Sound_Radius>
          <vehicle_damage_max>0</vehicle_damage_max>
          <vehicle_damage_min>0</vehicle_damage_min>
          <Impulse>400</Impulse>
          <Effects>
            <Element>ep_edf_grenade_trail</Element>
          </Effects>
          <_Editor>
            <Category>Entries</Category>
          </_Editor>
          <CrumbleRadius>0.1</CrumbleRadius>
          <KnockdownRadius>1.35</KnockdownRadius>
          <FlinchRadius>0</FlinchRadius>
          <player_mult>0.1</player_mult>
          <MaxSalvagePieces>0</MaxSalvagePieces>
          <SalvageProbability>0</SalvageProbability>
          <human_damage_min>0</human_damage_min>
          <Human_Damage_Max>0</Human_Damage_Max>
          <Structural_Damage>2500</Structural_Damage>
          <Unique_ID>75</Unique_ID>
          <camera_shake_type>explosion_small</camera_shake_type>
          <camera_shake_multiplier>0.35</camera_shake_multiplier>
          <camera_shake_falloff>15.0</camera_shake_falloff>
          <Flags>
            <Flag>no gibs</Flag>
          </Flags>
          <Blast_decal_radius>0.5</Blast_decal_radius>
          <player_veh_mult>0</player_veh_mult>
          <player_vehicle_impulse_mult>0</player_vehicle_impulse_mult>
          <Ignore_Orientation>False</Ignore_Orientation>
          <Always_Ragdoll>False</Always_Ragdoll>
        </Explosion>

        <!--Shotgun-Nerfed Damage compared to M16, but increased for pellets -->
        <Explosion>
          <Name>BulletImpactExplosionEffect3</Name>
          <Radius>0.4</Radius>
          <AI_Sound_Radius>50</AI_Sound_Radius>
          <vehicle_damage_max>0</vehicle_damage_max>
          <vehicle_damage_min>0</vehicle_damage_min>
          <Impulse>400</Impulse>
          <Effects>
            <Element>ep_edf_grenade_trail</Element>
          </Effects>
          <_Editor>
            <Category>Entries</Category>
          </_Editor>
          <CrumbleRadius>0.1</CrumbleRadius>
          <KnockdownRadius>1.35</KnockdownRadius>
          <FlinchRadius>0</FlinchRadius>
          <player_mult>0.1</player_mult>
          <MaxSalvagePieces>0</MaxSalvagePieces>
          <SalvageProbability>0</SalvageProbability>
          <human_damage_min>0</human_damage_min>
          <Human_Damage_Max>0</Human_Damage_Max>
          <Structural_Damage>1200</Structural_Damage>
          <Unique_ID>76</Unique_ID>
          <camera_shake_type>explosion_small</camera_shake_type>
          <camera_shake_multiplier>0.35</camera_shake_multiplier>
          <camera_shake_falloff>15.0</camera_shake_falloff>
          <Flags>
            <Flag>no gibs</Flag>
          </Flags>
          <Blast_decal_radius>0.5</Blast_decal_radius>
          <player_veh_mult>0</player_veh_mult>
          <player_vehicle_impulse_mult>0</player_vehicle_impulse_mult>
          <Ignore_Orientation>False</Ignore_Orientation>
          <Always_Ragdoll>False</Always_Ragdoll>
        </Explosion>

        <!--Pistol-Nerfed Damage compared to M16 -->
        <Explosion>
          <Name>BulletImpactExplosionEffect4</Name>
          <Radius>0.4</Radius>
          <AI_Sound_Radius>50</AI_Sound_Radius>
          <vehicle_damage_max>0</vehicle_damage_max>
          <vehicle_damage_min>0</vehicle_damage_min>
          <Impulse>500</Impulse>
          <Effects>
            <Element>ep_edf_grenade_trail</Element>
          </Effects>
          <_Editor>
            <Category>Entries</Category>
          </_Editor>
          <CrumbleRadius>0.1</CrumbleRadius>
          <KnockdownRadius>1.35</KnockdownRadius>
          <FlinchRadius>0</FlinchRadius>
          <player_mult>0.1</player_mult>
          <MaxSalvagePieces>0</MaxSalvagePieces>
          <SalvageProbability>0</SalvageProbability>
          <human_damage_min>0</human_damage_min>
          <Human_Damage_Max>0</Human_Damage_Max>
          <Structural_Damage>1100</Structural_Damage>
          <Unique_ID>77</Unique_ID>
          <camera_shake_type>explosion_small</camera_shake_type>
          <camera_shake_multiplier>0.35</camera_shake_multiplier>
          <camera_shake_falloff>15.0</camera_shake_falloff>
          <Flags>
            <Flag>no gibs</Flag>
          </Flags>
          <Blast_decal_radius>0.5</Blast_decal_radius>
          <player_veh_mult>0</player_veh_mult>
          <player_vehicle_impulse_mult>0</player_vehicle_impulse_mult>
          <Ignore_Orientation>False</Ignore_Orientation>
          <Always_Ragdoll>False</Always_Ragdoll>
        </Explosion>

        <!--Enforcer-Nerfed Damage compared to M16 -->
        <Explosion>
          <Name>BulletImpactExplosionEffect5</Name>
          <Radius>0.4</Radius>
          <AI_Sound_Radius>50</AI_Sound_Radius>
          <vehicle_damage_max>0</vehicle_damage_max>
          <vehicle_damage_min>0</vehicle_damage_min>
          <Impulse>500</Impulse>
          <Effects>
            <Element>ep_edf_grenade_trail</Element>
          </Effects>
          <_Editor>
            <Category>Entries</Category>
          </_Editor>
          <CrumbleRadius>0.1</CrumbleRadius>
          <KnockdownRadius>1.35</KnockdownRadius>
          <FlinchRadius>0</FlinchRadius>
          <player_mult>0.1</player_mult>
          <MaxSalvagePieces>0</MaxSalvagePieces>
          <SalvageProbability>0</SalvageProbability>
          <human_damage_min>0</human_damage_min>
          <Human_Damage_Max>0</Human_Damage_Max>
          <Structural_Damage>1400</Structural_Damage>
          <Unique_ID>78</Unique_ID>
          <camera_shake_type>explosion_small</camera_shake_type>
          <camera_shake_multiplier>0.35</camera_shake_multiplier>
          <camera_shake_falloff>15.0</camera_shake_falloff>
          <Flags>
            <Flag>no gibs</Flag>
          </Flags>
          <Blast_decal_radius>0.5</Blast_decal_radius>
          <player_veh_mult>0</player_veh_mult>
          <player_vehicle_impulse_mult>0</player_vehicle_impulse_mult>
          <Ignore_Orientation>False</Ignore_Orientation>
          <Always_Ragdoll>False</Always_Ragdoll>
        </Explosion>

        <Explosion>
          <Name>BulletImpactExplosionEffect6</Name>
          <Radius>0.4</Radius>
          <AI_Sound_Radius>50</AI_Sound_Radius>
          <vehicle_damage_max>0</vehicle_damage_max>
          <vehicle_damage_min>0</vehicle_damage_min>
          <Impulse>500</Impulse>
          <Effects>
            <Element>ep_edf_grenade_trail</Element>
          </Effects>
          <_Editor>
            <Category>Entries</Category>
          </_Editor>
          <CrumbleRadius>0.1</CrumbleRadius>
          <KnockdownRadius>1.35</KnockdownRadius>
          <FlinchRadius>0</FlinchRadius>
          <player_mult>0.1</player_mult>
          <MaxSalvagePieces>0</MaxSalvagePieces>
          <SalvageProbability>0</SalvageProbability>
          <human_damage_min>0</human_damage_min>
          <Human_Damage_Max>0</Human_Damage_Max>
          <Structural_Damage>12000</Structural_Damage>
          <!-- Original 4500 For Structural Damage -->
          <Unique_ID>79</Unique_ID>
          <camera_shake_type>explosion_small</camera_shake_type>
          <camera_shake_multiplier>0.35</camera_shake_multiplier>
          <camera_shake_falloff>15.0</camera_shake_falloff>
          <Flags>
            <Flag>no gibs</Flag>
          </Flags>
          <Blast_decal_radius>0.5</Blast_decal_radius>
          <player_veh_mult>0</player_veh_mult>
          <player_vehicle_impulse_mult>0</player_vehicle_impulse_mult>
          <Ignore_Orientation>False</Ignore_Orientation>
          <Always_Ragdoll>False</Always_Ragdoll>
        </Explosion>
      </Option>

      <!-- <Option Name="Tin Can (Small Crumble, Small Chunks)"> <Explosion> <Name>BulletImpactExplosionEffect</Name> <Radius>0.2</Radius> <AI_Sound_Radius>50</AI_Sound_Radius> <vehicle_damage_max>0</vehicle_damage_max>
      <vehicle_damage_min>0</vehicle_damage_min> <Impulse>500</Impulse> <Effects> <Element>ep_edf_grenade_trail</Element> </Effects> <_Editor> <Category>Entries</Category> </_Editor> <CrumbleRadius>0.1</CrumbleRadius>
      <KnockdownRadius>1.35</KnockdownRadius> <FlinchRadius>0</FlinchRadius> <player_mult>0.1</player_mult> <MaxSalvagePieces>0</MaxSalvagePieces> <SalvageProbability>0</SalvageProbability> <human_damage_min>0</human_damage_min>
      <Human_Damage_Max>0</Human_Damage_Max> <Structural_Damage>1800</Structural_Damage> <Unique_ID>74</Unique_ID> <camera_shake_type>explosion_small</camera_shake_type> <camera_shake_multiplier>0.35</camera_shake_multiplier>
      <camera_shake_falloff>15.0</camera_shake_falloff> <Flags> <Flag>no gibs</Flag> </Flags> <Blast_decal_radius>0.5</Blast_decal_radius> <player_veh_mult>0</player_veh_mult> <player_vehicle_impulse_mult>0</player_vehicle_impulse_mult>
      <Ignore_Orientation>False</Ignore_Orientation> <Always_Ragdoll>False</Always_Ragdoll> </Explosion> -->

      <!-- </Option> <Option Name="CannonBall (Small Crumble, Large Chunks)"> <Explosion> <Name>BulletImpactExplosionEffect</Name> <Radius>0.5</Radius> <AI_Sound_Radius>50</AI_Sound_Radius> <vehicle_damage_max>0</vehicle_damage_max>
      <vehicle_damage_min>0</vehicle_damage_min> <Impulse>400</Impulse> <Effects> <Element>ep_edf_grenade_trail</Element> </Effects> <_Editor> <Category>Entries</Category> </_Editor> <CrumbleRadius>0.1</CrumbleRadius>
      <KnockdownRadius>1.35</KnockdownRadius> <FlinchRadius>0</FlinchRadius> <player_mult>0.1</player_mult> <MaxSalvagePieces>0</MaxSalvagePieces> <SalvageProbability>0</SalvageProbability> <human_damage_min>0</human_damage_min>
      <Human_Damage_Max>0</Human_Damage_Max> <Structural_Damage>5000</Structural_Damage> <Unique_ID>74</Unique_ID> <camera_shake_type>explosion_small</camera_shake_type> <camera_shake_multiplier>0.35</camera_shake_multiplier>
      <camera_shake_falloff>15.0</camera_shake_falloff> <Flags> <Flag>no gibs</Flag> </Flags> <Blast_decal_radius>0.5</Blast_decal_radius> <player_veh_mult>0</player_veh_mult> <player_vehicle_impulse_mult>0</player_vehicle_impulse_mult>
      <Ignore_Orientation>False</Ignore_Orientation> <Always_Ragdoll>False</Always_Ragdoll> </Explosion> </Option> -->

    </ListBox>

    <ListBox Name="WeaponAdjustments" DisplayName="Weapon Adjustments">

      <Option Name="Optimized (Less engine buffering)">

        <Weapon>
          <Name>edf_pistol</Name>
          <_Editor>
            <Category>Entries:EDF</Category>
          </_Editor>
        </Weapon>

        <Weapon>
          <Name>m16</Name>
          <_Editor>
            <Category>Entries:EDF</Category>
          </_Editor>
          <Explosion>BulletImpactExplosionEffect</Explosion>
          <AIExplosion></AIExplosion>
        </Weapon>

        <Weapon>
          <Name>shotgun</Name>
          <_Editor>
            <Category>Entries:Marauder</Category>
          </_Editor>
          <Explosion>BulletImpactExplosionEffect3</Explosion>
          <AIExplosion></AIExplosion>
        </Weapon>

        <Weapon>
          <Name>autoblaster</Name>
          <_Editor>
            <Category>Entries:EDF</Category>
          </_Editor>
          <Explosion>BulletImpactExplosionEffect3</Explosion>
          <AIExplosion></AIExplosion>
        </Weapon>

        <Weapon>
          <Name>enforcer</Name>
          <_Editor>
            <Category>Entries:EDF</Category>
          </_Editor>
        </Weapon>

        <Weapon>
          <Name>sniper_rifle</Name>
          <_Editor>
            <Category>Entries:EDF</Category>
          </_Editor>
          <Explosion>BulletImpactExplosionEffect6</Explosion>
          <AIExplosion></AIExplosion>
        </Weapon>

        <Weapon>
          <Name>rail_driver</Name>
          <_Editor>
            <Category>Entries:EDF</Category>
          </_Editor>
          <Explosion>BulletImpactExplosionEffect6</Explosion>
          <AIExplosion></AIExplosion>
        </Weapon>

        <Weapon>
          <Name>turret_mg_standing</Name>
          <_Editor>
            <Category>Entries:Turrets</Category>
          </_Editor>
        </Weapon>

        <Weapon>
          <Name>turret_mg_vehicle</Name>
          <_Editor>
            <Category>Entries:Turrets</Category>
          </_Editor>
          <Explosion>BulletImpactExplosionEffect2</Explosion>
          <AIExplosion></AIExplosion>
        </Weapon>

        <Weapon>
          <Name>turret_mg_nogunner</Name>
          <_Editor>
            <Category>Entries:Turrets</Category>
          </_Editor>
        </Weapon>

        <Weapon>
          <Name>turret_mg_nogunner_quiet</Name>
          <_Editor>
            <Category>Entries:Turrets</Category>
          </_Editor>
        </Weapon>

        <Weapon>
          <Name>turret_mg_flyer</Name>
          <_Editor>
            <Category>Entries:Turrets</Category>
          </_Editor>
          <Explosion>BulletImpactExplosionEffect2</Explosion>
          <AIExplosion></AIExplosion>
        </Weapon>

        <Weapon>
          <Name>turret_jetter_mg</Name>
          <_Editor>
            <Category>Entries:Turrets</Category>
          </_Editor>
          <Explosion>BulletImpactExplosionEffect2</Explosion>
          <AIExplosion></AIExplosion>
        </Weapon>
      </Option>

      <Option Name="Default">

        <Weapon>
          <Name>edf_pistol</Name>
          <_Editor>
            <Category>Entries:EDF</Category>
          </_Editor>
          <Explosion>BulletImpactExplosionEffect4</Explosion>
          <AIExplosion>none</AIExplosion>
        </Weapon>

        <Weapon>
          <Name>m16</Name>
          <_Editor>
            <Category>Entries:EDF</Category>
          </_Editor>
          <Explosion>BulletImpactExplosionEffect</Explosion>
          <AIExplosion></AIExplosion>
        </Weapon>

        <Weapon>
          <Name>shotgun</Name>
          <_Editor>
            <Category>Entries:Marauder</Category>
          </_Editor>
          <Explosion>BulletImpactExplosionEffect3</Explosion>
          <AIExplosion></AIExplosion>
        </Weapon>

        <Weapon>
          <Name>autoblaster</Name>
          <_Editor>
            <Category>Entries:EDF</Category>
          </_Editor>
          <Explosion>BulletImpactExplosionEffect3</Explosion>
          <AIExplosion></AIExplosion>
        </Weapon>

        <Weapon>
          <Name>enforcer</Name>
          <_Editor>
            <Category>Entries:EDF</Category>
          </_Editor>
          <Explosion>BulletImpactExplosionEffect5</Explosion>
          <AIExplosion>none</AIExplosion>
        </Weapon>

        <Weapon>
          <Name>sniper_rifle</Name>
          <_Editor>
            <Category>Entries:EDF</Category>
          </_Editor>
          <Explosion>BulletImpactExplosionEffect6</Explosion>
          <AIExplosion></AIExplosion>
        </Weapon>

        <Weapon>
          <Name>rail_driver</Name>
          <_Editor>
            <Category>Entries:EDF</Category>
          </_Editor>
          <Explosion>BulletImpactExplosionEffect6</Explosion>
          <AIExplosion></AIExplosion>
        </Weapon>

        <Weapon>
          <Name>turret_mg_standing</Name>
          <_Editor>
            <Category>Entries:Turrets</Category>
          </_Editor>
          <Explosion>BulletImpactExplosionEffect2</Explosion>
          <AIExplosion></AIExplosion>
        </Weapon>

        <Weapon>
          <Name>turret_mg_vehicle</Name>
          <_Editor>
            <Category>Entries:Turrets</Category>
          </_Editor>
          <Explosion>BulletImpactExplosionEffect2</Explosion>
          <AIExplosion></AIExplosion>
        </Weapon>

        <Weapon>
          <Name>turret_mg_nogunner</Name>
          <_Editor>
            <Category>Entries:Turrets</Category>
          </_Editor>
          <Explosion>BulletImpactExplosionEffect2</Explosion>
          <AIExplosion></AIExplosion>
        </Weapon>

        <Weapon>
          <Name>turret_mg_nogunner_quiet</Name>
          <_Editor>
            <Category>Entries:Turrets</Category>
          </_Editor>
          <Explosion>BulletImpactExplosionEffect2</Explosion>
          <AIExplosion></AIExplosion>
        </Weapon>

        <Weapon>
          <Name>turret_mg_flyer</Name>
          <_Editor>
            <Category>Entries:Turrets</Category>
          </_Editor>
          <Explosion>BulletImpactExplosionEffect2</Explosion>
          <AIExplosion></AIExplosion>
        </Weapon>

        <Weapon>
          <Name>turret_jetter_mg</Name>
          <_Editor>
            <Category>Entries:Turrets</Category>
          </_Editor>
          <Explosion>BulletImpactExplosionEffect2</Explosion>
          <AIExplosion></AIExplosion>
        </Weapon>
      </Option>

    </ListBox>

    <ListBox Name="RealisticDamage" DisplayName="Small-Arms Vehicle Damage Models">

      <Option Name="Realistic">
        <Weapon>
          <Name>edf_pistol</Name>
          <Damage_Scaling_Max>
            <Vehicle_Damage>15</Vehicle_Damage>
            <Player_Vehicle_Damage>10</Player_Vehicle_Damage>
          </Damage_Scaling_Max>
          <Damage_Scaling_Min>
            <Vehicle_Damage>15</Vehicle_Damage>
          </Damage_Scaling_Min>
          <_Editor>
            <Category>Entries:EDF</Category>
          </_Editor>
        </Weapon>

        <Weapon>
          <Name>m16</Name>
          <Damage_Scaling_Max>
            <Vehicle_Damage>15</Vehicle_Damage>
            <Player_Vehicle_Damage>10</Player_Vehicle_Damage>
          </Damage_Scaling_Max>
          <Damage_Scaling_Min>
            <Vehicle_Damage>15</Vehicle_Damage>
          </Damage_Scaling_Min>
          <_Editor>
            <Category>Entries:EDF</Category>
          </_Editor>
        </Weapon>

        <Weapon>
          <Name>enforcer</Name>
          <Damage_Scaling_Max>
            <Vehicle_Damage>15</Vehicle_Damage>
            <Player_Vehicle_Damage>10</Player_Vehicle_Damage>
          </Damage_Scaling_Max>
          <Damage_Scaling_Min>
            <Vehicle_Damage>15</Vehicle_Damage>
          </Damage_Scaling_Min>
          <_Editor>
            <Category>Entries:EDF</Category>
          </_Editor>
        </Weapon>

        <Weapon>
          <Name>autoblaster</Name>
          <Damage_Scaling_Max>
            <Vehicle_Damage>15</Vehicle_Damage>
            <Player_Vehicle_Damage>10</Player_Vehicle_Damage>
          </Damage_Scaling_Max>
          <Damage_Scaling_Min>
            <Vehicle_Damage>15</Vehicle_Damage>
          </Damage_Scaling_Min>
          <_Editor>
            <Category>Entries:EDF</Category>
          </_Editor>
        </Weapon>
      </Option>
    </ListBox>
  </UserInput>

  <Changes>
    <Edit File="data\misc.vpp\explosions.xtbl">
      <USER_INPUT>SmallArmsDamageSettings</USER_INPUT>
    </Edit>

    <Edit File="data\misc.vpp\weapons.xtbl" LIST_ACTION="COMBINE_BY_FIELD:Name,_Editor\Category">
      <USER_INPUT>WeaponAdjustments</USER_INPUT>

      <USER_INPUT>RealisticDamage</USER_INPUT>

    </Edit>
    <!--<Edit File="data\table.vpp\explosions.xtbl">
      <USER_INPUT>SmallArmsDamageSettings</USER_INPUT>
    </Edit>
    <Edit File="data\table.vpp\weapons.xtbl" LIST_ACTION="COMBINE_BY_FIELD:Name,_Editor\Category">
      <USER_INPUT>WeaponAdjustments</USER_INPUT>
      <USER_INPUT>RealisticDamage</USER_INPUT>
    </Edit>
  -->
    <!-- Use &lt; and &gt; instead of < and >: Make an override -->
  </Changes>

</Mod>
