<Mod Name="More Time Demolitions Master">
  <Author>KPX7873</Author>
  <Description>Sets Demolition Master time limits to 999 Seconds</Description>
  <WebLink Name="None">http://www.google.com</WebLink>
  <Changes>
    <Edit File="data\misc.vpp\activity_demolitions_master.xtbl" LIST_ACTION="COMBINE_BY_FIELD:Name">

	<Demolitions_Master>
		<Name>je_dm_01</Name>
		<Time_Limit>999</Time_Limit>
		</Demolitions_Master>
	<Demolitions_Master>
		<Name>je_dm_02</Name>
		<Time_Limit>999</Time_Limit>
		</Demolitions_Master>
	<Demolitions_Master>
		<Name>je_dm_03</Name>
		<Time_Limit>999</Time_Limit>
		</Demolitions_Master>
	<Demolitions_Master>
		<Name>default</Name>
		<Time_Limit>999</Time_Limit>
		</Demolitions_Master>
	<Demolitions_Master>
		<Name>test_copy_je_dm_05</Name>
		<Time_Limit>999</Time_Limit>
		</Demolitions_Master>
	<Demolitions_Master>
		<Name>je_dm_04</Name>
		<Time_Limit>999</Time_Limit>
		</Demolitions_Master>
	<Demolitions_Master>
		<Name>je_dm_05</Name>
		<Time_Limit>999</Time_Limit>
		</Demolitions_Master>
	<Demolitions_Master>
		<Name>je_dm_06</Name>
		<Time_Limit>999</Time_Limit>
		</Demolitions_Master>
	<Demolitions_Master>
		<Name>je_dm_07</Name>
		<Time_Limit>999</Time_Limit>
		</Demolitions_Master>
	<Demolitions_Master>
		<Name>je_dm_08</Name>
		<Time_Limit>999</Time_Limit>
		</Demolitions_Master>
	<Demolitions_Master>
		<Name>je_dm_09</Name>
		<Time_Limit>999</Time_Limit>
		</Demolitions_Master>
	<Demolitions_Master>
		<Name>je_dm_10</Name>
		<Time_Limit>999</Time_Limit>
		</Demolitions_Master>
	<Demolitions_Master>
		<Name>je_dm_11</Name>
		<Time_Limit>999</Time_Limit>
		</Demolitions_Master>
	<Demolitions_Master>
		<Name>je_dm_12</Name>
		<Time_Limit>999</Time_Limit>
		</Demolitions_Master>
	<Demolitions_Master>
		<Name>je_dm_13</Name>
		<Time_Limit>999</Time_Limit>
		</Demolitions_Master>
	<Demolitions_Master>
		<Name>je_dm_14</Name>
		<Time_Limit>999</Time_Limit>
		</Demolitions_Master>
	<Demolitions_Master>
		<Name>je_dm_15</Name>
		<Time_Limit>999</Time_Limit>
		</Demolitions_Master>
	<Demolitions_Master>
		<Name>je_dm_16</Name>
		<Time_Limit>999</Time_Limit>
		</Demolitions_Master>

    </Edit>
  </Changes>
</Mod>