<Mod Name="Disable FFZ Artillery">
  <Author>moneyl</Author>
  <Description>Allows you to drive through the FFZ safely before completing the required missions. Does so by setting the initial velocity of the artillery projectiles to zero, and their acceleration due to gravity to zero.</Description>
  <Changes>
    <Edit File="data\misc.vpp\weapons.xtbl" LIST_ACTION="COMBINE_BY_FIELD:Name">
      <Weapon>
        <Name>ab_rpg_kill_player</Name>
        <Projectile_Info>
          <Max_Speed>1</Max_Speed>
          <Gravity>0</Gravity>
          <Start_Speed>0</Start_Speed>
        </Projectile_Info>
      </Weapon>
    </Edit>
  </Changes>
</Mod>