<Mod Name="Increased Reconstructor Range">
  <Author>Hazard (hazard_x@gmx.net)</Author>
  <Description>Increases the range of your Reconstructor.</Description>
  <WebLink Name="Hazardous Mods">http://www.megamods.de</WebLink>
  <UserInput>

    <ListBox Name="Range" DisplayName="Reconstructor Range">

      <Option Name="10 meters">
        <Tweak_Table_Entry>
          <Name>Repair_range</Name>
          <Value>5</Value>
        </Tweak_Table_Entry>
        <Tweak_Table_Entry>
          <Name>Repair_radius</Name>
          <Value>10</Value>
        </Tweak_Table_Entry>
      </Option>

      <Option Name="20 meters">
        <Tweak_Table_Entry>
          <Name>Repair_range</Name>
          <Value>10</Value>
        </Tweak_Table_Entry>
        <Tweak_Table_Entry>
          <Name>Repair_radius</Name>
          <Value>20</Value>
        </Tweak_Table_Entry>
      </Option>

      <Option Name="40 meters">
        <Tweak_Table_Entry>
          <Name>Repair_range</Name>
          <Value>20</Value>
        </Tweak_Table_Entry>
        <Tweak_Table_Entry>
          <Name>Repair_radius</Name>
          <Value>40</Value>
        </Tweak_Table_Entry>
      </Option>

      <Option Name="100 meters">
        <Tweak_Table_Entry>
          <Name>Repair_range</Name>
          <Value>100</Value>
        </Tweak_Table_Entry>
        <Tweak_Table_Entry>
          <Name>Repair_radius</Name>
          <Value>200</Value>
        </Tweak_Table_Entry>
      </Option>

    </ListBox>

  </UserInput>
  <Changes>
    <Edit File="data\misc.vpp\tweak_table.xtbl" LIST_ACTION="COMBINE_BY_FIELD:Name">

      <USER_INPUT>Range</USER_INPUT>

    </Edit>
  </Changes>
</Mod>