<Mod Name="Player Character Settings">
  <Author>Hazard (hazard_x@gmx.net), SimpleArrows (Arrows#5699)</Author>
  <Description>Tweak the player character to your liking.</Description>
  <WebLink Name="Hazardous Mods">http://www.megamods.de</WebLink>
  <UserInput>

    <ListBox Name="Team" DisplayName="Team">
      <Option Name="Guerilla">
        <Team>Guerilla</Team>
      </Option>
      <Option Name="EDF">
        <Team>EDF</Team>
      </Option>
      <Option Name="Marauder">
        <Team>Marauder</Team>
      </Option>
      <Option Name="Neutral">
        <Team>Neutral</Team>
      </Option>
      <Option Name="Civilian">
        <Team>Civilian</Team>
      </Option>
    </ListBox>

    <ListBox Name="WalkingSpeed" DisplayName="Walking Speed">
      <Option Name="x1">
        <max_speed>5</max_speed>
      </Option>
      <Option Name="x2">
        <max_speed>10</max_speed>
      </Option>
      <Option Name="x4">
        <max_speed>20</max_speed>
      </Option>
      <Option Name="x6">
        <max_speed>30</max_speed>
      </Option>
      <Option Name="x8">
        <max_speed>40</max_speed>
      </Option>
      <Option Name="x10">
        <max_speed>50</max_speed>
      </Option>
    </ListBox>

    <ListBox Name="HammerReplacement" DisplayName="Hammer Replacement">
      <Option Name="Default Sledgehammer">sledgehammer</Option>
      <Option Name="Golden Hammer">golden_hammer</Option>
	  <Option Name="Facecrusher Hammer">sledge_upgrade_4</Option>
	  <Option Name="Bronze Crusher Hammer">sledge_upgrade_5</Option>
	  <Option Name="Gold Hammer Alpha Hammer">sledge_upgrade_6</Option>
	  <Option Name="Titanium Hammer">sledge_upgrade_7</Option>
	  <Option Name="Skulldigger Hammer">sledge_upgrade_8</Option>
	  <Option Name="War Hammer">sledge_upgrade_9</Option>
	  <Option Name="Battle Axe Hammer">sledge_upgrade_10</Option>
	  <Option Name="Bloody Bat Hammer">sledge_upgrade_11</Option>
	  <Option Name="Stun Baton Hammer">sledge_upgrade_12</Option>
	  <Option Name="Plastic Hammer">sledge_upgrade_13</Option>
	  <Option Name="Ostrich Hammer">sledge_upgrade_14</Option>
      <Option Name="Gutter">gutter</Option>
      <Option Name="Reconstructor (requires mod)">repair_tool</Option>
      <Option Name="Pistol">edf_pistol</Option>
      <Option Name="Assault Rifle">m16</Option>
      <Option Name="Grinder">grinder</Option>
      <Option Name="Shotgun">shotgun</Option>
      <Option Name="Arc Welder">arc_welder</Option>
      <Option Name="Enforcer">enforcer</Option>
      <Option Name="Peacekeeper">autoblaster</Option>
      <Option Name="Nano Rifle">nano_rifle</Option>
      <Option Name="Gauss Rifle">gauss_rifle</Option>
      <Option Name="Rail Driver">rail_driver</Option>
      <Option Name="Rocket Launcher">rpg_launcher</Option>
      <Option Name="Thermobaric Rocket Launcher">thermobaric_rockets</Option>
    </ListBox>

  </UserInput>
  <Changes>
    <Edit File="data\misc.vpp\character.xtbl" LIST_ACTION="COMBINE_BY_FIELD:Name">

      <Character>
        <Name>rfg_PC</Name>
        <USER_INPUT>Team</USER_INPUT>
        <USER_INPUT>WalkingSpeed</USER_INPUT>
        <Inventory LIST_ACTION="COMBINE_BY_FIELD:Item_Slot">
          <Item>
            <Item_Name><USER_INPUT>HammerReplacement</USER_INPUT></Item_Name>
            <Item_Count>1</Item_Count>
            <Item_Slot>3</Item_Slot>
          </Item>
        </Inventory>
        <Equip_Item_Name><USER_INPUT>HammerReplacement</USER_INPUT></Equip_Item_Name>
      </Character>

    </Edit>
  </Changes>
</Mod>