<Mod Name="God Mode">
  <Author>Hazard (hazard_x@gmx.net)</Author>
  <Description>You won't get any damage at all!</Description>
  <WebLink Name="Hazardous Mods">http://www.megamods.de</WebLink>
  <Changes>
    <Edit File="data\misc.vpp\difficulty.xtbl" LIST_ACTION="COMBINE_BY_FIELD:Name">

      <Difficulty>
        <Name>Difficulty</Name>
        <Difficulty_Items LIST_ACTION="COMBINE_BY_FIELD:Name">
          <Item>
            <Name>MENU_PLAYER_DAMAGE_TAKEN</Name>
            <Easy>0.0</Easy>
            <Medium>0.0</Medium>
            <Hard>0.0</Hard>
            <Insane>0.0</Insane>
          </Item>
        </Difficulty_Items>
      </Difficulty>

    </Edit>
  </Changes>
</Mod>