<Mod Name="SP Building Collapse">
  <Author>Hazard (hazard_x@gmx.net)</Author>
  <Description>Adjust how easily buildings collapse in Singleplayer.</Description>
  <WebLink Name="Hazardous Mods">http://www.megamods.de</WebLink>
  <UserInput>

    <ListBox Name="StressSettings" DisplayName="Building Collapsibility">

      <Option Name="Very High">
        <Objects_Per_Frame>1500</Objects_Per_Frame>
        <Repeat_Delay_Min>50</Repeat_Delay_Min>
        <Repeat_Delay_Max>200</Repeat_Delay_Max>
        <Force_Scalar>1.0</Force_Scalar>
        <Parent_Yield_Scalar>2.0</Parent_Yield_Scalar>
      </Option>

      <Option Name="High">
        <Objects_Per_Frame>600</Objects_Per_Frame>
        <Repeat_Delay_Min>50</Repeat_Delay_Min>
        <Repeat_Delay_Max>1000</Repeat_Delay_Max>
        <Force_Scalar>0.5</Force_Scalar>
        <Parent_Yield_Scalar>0.5</Parent_Yield_Scalar>
      </Option>

      <Option Name="Wrecking Crew High">
        <Objects_Per_Frame>800</Objects_Per_Frame>
        <Repeat_Delay_Min>50</Repeat_Delay_Min>
        <Repeat_Delay_Max>400</Repeat_Delay_Max>
        <Force_Scalar>0.2</Force_Scalar>
        <Parent_Yield_Scalar>0.5</Parent_Yield_Scalar>
      </Option>

      <Option Name="Wrecking Crew Low">
        <Objects_Per_Frame>800</Objects_Per_Frame>
        <Repeat_Delay_Min>50</Repeat_Delay_Min>
        <Repeat_Delay_Max>700</Repeat_Delay_Max>
        <Force_Scalar>0.08</Force_Scalar>
        <Parent_Yield_Scalar>0.5</Parent_Yield_Scalar>
      </Option>

      <Option Name="Low (as in Multiplayer)">
        <Objects_Per_Frame>400</Objects_Per_Frame>
        <Repeat_Delay_Min>100</Repeat_Delay_Min>
        <Repeat_Delay_Max>5000</Repeat_Delay_Max>
        <Force_Scalar>0.1</Force_Scalar>
        <Parent_Yield_Scalar>0.5</Parent_Yield_Scalar>
      </Option>

      <Option Name="Very Low">
        <Objects_Per_Frame>100</Objects_Per_Frame>
        <Repeat_Delay_Min>100</Repeat_Delay_Min>
        <Repeat_Delay_Max>5000</Repeat_Delay_Max>
        <Force_Scalar>0.01</Force_Scalar>
        <Parent_Yield_Scalar>0.1</Parent_Yield_Scalar>
      </Option>

    </ListBox>

  </UserInput>
  <Changes>
    <Edit File="data\misc.vpp\rfg_stress_controls.xtbl" LIST_ACTION="COMBINE_BY_FIELD:Name">

	<Stress_Control>
		<Name>Default</Name>
          	<USER_INPUT>StressSettings</USER_INPUT>

	</Stress_Control>

    </Edit>
  </Changes>
</Mod>