<Mod Name="Explosive Pistol Bullets">
  <Author>Hazard (hazard_x@gmx.net)</Author>
  <Description>Adds more fun to the pistol! Based on the Weapon Modding Tutorial by obliviousonion.</Description>
  <WebLink Name="obliviousonion's tutorial">http://community.redfaction.com/forums/topic/7537</WebLink>
  <Changes>
    <Edit File="data\misc.vpp\weapons.xtbl" LIST_ACTION="COMBINE_BY_FIELD:Name,_Editor\Category">

      <Weapon>
        <Name>edf_pistol</Name>
        <_Editor><Category>Entries:EDF</Category></_Editor>

        <Magazine_Size>99</Magazine_Size>
        <Max_Rounds>9999</Max_Rounds>
        <Spread_Max>0.25</Spread_Max>
        <Spread_Min>0.0</Spread_Min>
        <Spread_Multiplier_Run>0.75</Spread_Multiplier_Run>
        <Damage_Scaling_Max>
          <Threshold>120</Threshold>
          <NPC_Damage>2000</NPC_Damage>
          <Vehicle_Damage>2000</Vehicle_Damage>
        </Damage_Scaling_Max>
        <Damage_Scaling_Min>
          <Threshold>5</Threshold>
          <NPC_Damage>500</NPC_Damage>
          <Vehicle_Damage>600</Vehicle_Damage>
        </Damage_Scaling_Min>
        <Explosion>mortar_pistol</Explosion>
        <AIExplosion></AIExplosion>
      </Weapon>

    </Edit>
    <Edit File="data\misc.vpp\explosions.xtbl">

      <Explosion>
        <Name>mortar_pistol</Name>
        <Radius>0.5</Radius>
        <AI_Sound_Radius>75</AI_Sound_Radius>
        <vehicle_damage_max>500</vehicle_damage_max>
        <vehicle_damage_min>50</vehicle_damage_min>
        <Impulse>10000</Impulse>
        <Effects>
          <Element>wep_mass_driver_exp_a</Element>
        </Effects>
        <_Editor>
          <Category>Entries</Category>
        </_Editor>
        <CrumbleRadius>1.0</CrumbleRadius>
        <KnockdownRadius>2.0</KnockdownRadius>
        <FlinchRadius>3.5</FlinchRadius>
        <player_mult>0.8</player_mult>
        <MaxSalvagePieces>0</MaxSalvagePieces>
        <SalvageProbability>0</SalvageProbability>
        <human_damage_min>100</human_damage_min>
        <Human_Damage_Max>500</Human_Damage_Max>
        <Structural_Damage>40000</Structural_Damage>
        <Unique_ID>74</Unique_ID>
        <camera_shake_type>explosion_small</camera_shake_type>
        <camera_shake_multiplier>0.5</camera_shake_multiplier>
        <camera_shake_falloff>25.0</camera_shake_falloff>
        <player_veh_mult>0.8</player_veh_mult>
        <Material_Effects LIST_ACTION="COMBINE_BY_FIELD:Material">
          <Entry>
            <Material>Concrete</Material>
            <Effect>wep_rpg_exp_cement_a</Effect>
          </Entry>
        </Material_Effects>
        <player_vehicle_impulse_mult>1.0</player_vehicle_impulse_mult>
        <Ignore_Orientation>False</Ignore_Orientation>
        <Always_Ragdoll>False</Always_Ragdoll>
      </Explosion>

    </Edit>
  </Changes>
</Mod>