<Mod Name="Unlimited Ammo">
  <Author>Hazard (hazard_x@gmx.net)</Author>
  <Description>All weapons got a maximum of 9999 ammo.</Description>
  <WebLink Name="Hazardous Mods">http://www.megamods.de</WebLink>
  <Changes>
    <Edit File="data\misc.vpp\weapons.xtbl" LIST_ACTION="COMBINE_BY_FIELD:Name,_Editor\Category">

	<Weapon>
		<Name>edf_pistol</Name>
		<_Editor><Category>Entries:EDF</Category></_Editor>
		<Max_Rounds>9999</Max_Rounds>
		<Max_Rounds_Upgrade>9999</Max_Rounds_Upgrade>
	</Weapon>
	<Weapon>
		<Name>m16</Name>
		<_Editor><Category>Entries:EDF</Category></_Editor>
		<Max_Rounds>9999</Max_Rounds>
		<Max_Rounds_Upgrade>9999</Max_Rounds_Upgrade>
	</Weapon>
	<Weapon>
		<Name>mine_placer</Name>
		<_Editor><Category>Entries:Guerilla</Category></_Editor>
		<Max_Rounds>9999</Max_Rounds>
		<Max_Rounds_Upgrade>9999</Max_Rounds_Upgrade>
	</Weapon>
	<Weapon>
		<Name>charge_placer</Name>
		<_Editor><Category>Entries:Guerilla</Category></_Editor>
		<Max_Rounds>9999</Max_Rounds>
		<Max_Rounds_Upgrade>9999</Max_Rounds_Upgrade>
	</Weapon>
	<Weapon>
		<Name>rpg_launcher</Name>
		<_Editor><Category>Entries:Guerilla</Category></_Editor>
		<Max_Rounds>9999</Max_Rounds>
		<Max_Rounds_Upgrade>9999</Max_Rounds_Upgrade>
	</Weapon>
	<Weapon>
		<Name>thermobaric_rockets</Name>
		<_Editor><Category>Entries:Guerilla</Category></_Editor>
		<Max_Rounds>9999</Max_Rounds>
		<Max_Rounds_Upgrade>9999</Max_Rounds_Upgrade>
	</Weapon>
	<Weapon>
		<Name>shotgun</Name>
		<_Editor><Category>Entries:Marauder</Category></_Editor>
		<Max_Rounds>9999</Max_Rounds>
		<Max_Rounds_Upgrade>9999</Max_Rounds_Upgrade>
	</Weapon>
	<Weapon>
		<Name>marauder_shockade</Name>
		<_Editor><Category>Entries:Marauder</Category></_Editor>
		<Max_Rounds>9999</Max_Rounds>
		<Max_Rounds_Upgrade>9999</Max_Rounds_Upgrade>
	</Weapon>
	<Weapon>
		<Name>autoblaster</Name>
		<_Editor><Category>Entries:EDF</Category></_Editor>
		<Max_Rounds>9999</Max_Rounds>
		<Max_Rounds_Upgrade>9999</Max_Rounds_Upgrade>
	</Weapon>
	<Weapon>
		<Name>enforcer</Name>
		<_Editor><Category>Entries:EDF</Category></_Editor>
		<Max_Rounds>9999</Max_Rounds>
		<Max_Rounds_Upgrade>9999</Max_Rounds_Upgrade>
	</Weapon>
	<Weapon>
		<Name>gauss_rifle</Name>
		<_Editor><Category>Entries:EDF</Category></_Editor>
		<Max_Rounds>9999</Max_Rounds>
		<Max_Rounds_Upgrade>9999</Max_Rounds_Upgrade>
	</Weapon>
	<Weapon>
		<Name>sniper_rifle</Name>
		<_Editor><Category>Entries:EDF</Category></_Editor>
		<Max_Rounds>9999</Max_Rounds>
		<Max_Rounds_Upgrade>9999</Max_Rounds_Upgrade>
	</Weapon>
	<Weapon>
		<Name>rail_driver</Name>
		<_Editor><Category>Entries:EDF</Category></_Editor>
		<Max_Rounds>9999</Max_Rounds>
		<Max_Rounds_Upgrade>9999</Max_Rounds_Upgrade>
	</Weapon>
	<Weapon>
		<Name>grenade</Name>
		<_Editor><Category>Entries:EDF</Category></_Editor>
		<Max_Rounds>9999</Max_Rounds>
		<Max_Rounds_Upgrade>9999</Max_Rounds_Upgrade>
	</Weapon>
	<Weapon>
		<Name>singularity_bomb</Name>
		<_Editor><Category>Entries:EDF</Category></_Editor>
		<Max_Rounds>9999</Max_Rounds>
		<Max_Rounds_Upgrade>9999</Max_Rounds_Upgrade>
	</Weapon>
	<Weapon>
		<Name>nano_rifle</Name>
		<_Editor><Category>Entries:Guerilla</Category></_Editor>
		<Max_Rounds>9999</Max_Rounds>
		<Max_Rounds_Upgrade>9999</Max_Rounds_Upgrade>
	</Weapon>
	<Weapon>
		<Name>grinder</Name>
		<_Editor><Category>Entries:Guerilla</Category></_Editor>
		<Max_Rounds>9999</Max_Rounds>
		<Max_Rounds_Upgrade>9999</Max_Rounds_Upgrade>
	</Weapon>
	<Weapon>
		<Name>arc_welder</Name>
		<_Editor><Category>Entries:Guerilla</Category></_Editor>
		<Max_Rounds>9999</Max_Rounds>
		<Max_Rounds_Upgrade>9999</Max_Rounds_Upgrade>
	</Weapon>

    </Edit>
  </Changes>
</Mod>