<Mod Name="Use Artillery Anywhere">
  <Author>moneyl</Author>
  <Description>Use satellite artillery anywhere on the game map. To use, start a new game and kill dan. Then simple wait for ~2min for the camera to stop moving and you're good to go.</Description>
  <UserInput>

  	<!-- I've not tested for a maximum FOV value. I only tested the default (40), 90 (which works fine), and 180, which does not work. Edit at your own risk. -->
    <ListBox Name="ArtilleryFOV" DisplayName="Artillery Field of View">

      <Option Name="40 (Default)">
		<Value>40</Value>
      </Option>

      <Option Name="60">
		<Value>60</Value>
      </Option>

      <Option Name="80">
		<Value>80</Value>
      </Option>

      <Option Name="90">
		<Value>90</Value>
      </Option>

    </ListBox>

    <!-- Artillery fire delay. Lower values mean a higher fire rate. -->
    <ListBox Name="ArtilleryFireDelay" DisplayName="Artillery Fire Delay (in milliseconds)">

      <Option Name="1000 (Default)">
		<Value>1000</Value>
      </Option>

      <Option Name="500">
		<Value>500</Value>
      </Option>

      <Option Name="250">
		<Value>250</Value>
      </Option>

      <Option Name="100">
		<Value>100</Value>
      </Option>

      <Option Name="50">
		<Value>50</Value>
      </Option>

      <Option Name="10">
		<Value>10</Value>
      </Option>

      <Option Name="1">
		<Value>1</Value>
      </Option>

    </ListBox>

    <!-- Artillery camera height. I've not yet tested for a maximum height. I'd recommend just using the default. At the higher numbers it's much more difficult to see the details of the structures below. -->
    <ListBox Name="ArtilleryCameraHeight" DisplayName="Artillery Camera Height">

      <Option Name="50 (Default)">
    <Value>50</Value>
      </Option>

      <Option Name="10">
		<Value>10</Value>
      </Option>

      <Option Name="25">
		<Value>25</Value>
      </Option>

      <Option Name="100">
		<Value>100</Value>
      </Option>

      <Option Name="150">
		<Value>150</Value>
      </Option>

      <Option Name="200">
		<Value>200</Value>
      </Option>

      <Option Name="250">
		<Value>250</Value>
      </Option>

      <Option Name="300">
		<Value>300</Value>
      </Option>

    </ListBox>

    <!-- Explosion Radius. Default: 3.0 -->
    <ListBox Name="ExplosionRadius" DisplayName="Explosion Radius">

      <Option Name="3.0 (Default)">
    <Radius>3.0</Radius>
      </Option>

      <Option Name="0.5">
		<Radius>0.5</Radius>
      </Option>

      <Option Name="5.0">
		<Radius>5.0</Radius>
      </Option>

      <Option Name="7.0">
		<Radius>7.0</Radius>
      </Option>

      <Option Name="9.0">
		<Radius>9.0</Radius>
      </Option>

      <Option Name="12.0">
		<Radius>12.0</Radius>
      </Option>

      <Option Name="15.0">
		<Radius>15.0</Radius>
      </Option>

      <Option Name="25.0">
		<Radius>25.0</Radius>
      </Option>

      <Option Name="30.0">
		<Radius>30.0</Radius>
      </Option>

      <Option Name="35.0">
		<Radius>35.0</Radius>
      </Option>

      <Option Name="40.0">
		<Radius>40.0</Radius>
      </Option>

      <Option Name="45.0">
		<Radius>45.0</Radius>
      </Option>

      <Option Name="50.0">
		<Radius>50.0</Radius>
      </Option>

    </ListBox>

    <!-- Explosion Crumble Radius. Default: 3.5 -->
    <ListBox Name="ExplosionCrumbleRadius" DisplayName="Explosion Crumble Radius">
      
      <Option Name="3.5 (Default)">
    <CrumbleRadius>3.5</CrumbleRadius>
      </Option>

      <Option Name="1.0">
		<CrumbleRadius>1.0</CrumbleRadius>
      </Option>

      <Option Name="5.0">
		<CrumbleRadius>5.0</CrumbleRadius>
      </Option>

      <Option Name="7.5">
		<CrumbleRadius>7.5</CrumbleRadius>
      </Option>

      <Option Name="10.0">
		<CrumbleRadius>10.0</CrumbleRadius>
      </Option>

      <Option Name="15.0">
		<CrumbleRadius>15.0</CrumbleRadius>
      </Option>

      <Option Name="20.0">
		<CrumbleRadius>20.0</CrumbleRadius>
      </Option>

      <Option Name="30.0">
		<CrumbleRadius>30.0</CrumbleRadius>
      </Option>

      <Option Name="40.0">
		<CrumbleRadius>40.0</CrumbleRadius>
      </Option>

      <Option Name="50.0">
		<CrumbleRadius>50.0</CrumbleRadius>
      </Option>

    </ListBox>

    <!-- Explosion Impulse. Default: 30000 kg * m/s -->
    <ListBox Name="ExplosionImpulse" DisplayName="Explosion Impulse">

      <Option Name="50000 (Default)">
		<Impulse>50000</Impulse>
      </Option>

      <Option Name="75000">
		<Impulse>75000</Impulse>
      </Option>

      <Option Name="100000">
		<Impulse>100000</Impulse>
      </Option>

      <Option Name="125000">
		<Impulse>125000</Impulse>
      </Option>

      <Option Name="150000">
		<Impulse>150000</Impulse>
      </Option>

      <Option Name="175000">
		<Impulse>175000</Impulse>
      </Option>

      <Option Name="200000">
		<Impulse>200000</Impulse>
      </Option>

      <Option Name="225000">
		<Impulse>225000</Impulse>
      </Option>

      <Option Name="250000">
		<Impulse>250000</Impulse>
      </Option>

    </ListBox>

    <!-- ExplosionStructuralDamage. Default: 30000 -->
    <ListBox Name="ExplosionStructuralDamage" DisplayName="Explosion Structural Damage">
      
      <Option Name="30000 (Default)">
    <Structural_Damage>30000</Structural_Damage>
      </Option>

      <Option Name="5000">
		<Structural_Damage>5000</Structural_Damage>
      </Option>

      <Option Name="10000">
		<Structural_Damage>10000</Structural_Damage>
      </Option>

      <Option Name="20000">
		<Structural_Damage>20000</Structural_Damage>
      </Option>

      <Option Name="40000">
		<Structural_Damage>40000</Structural_Damage>
      </Option>

      <Option Name="50000">
		<Structural_Damage>50000</Structural_Damage>
      </Option>

      <Option Name="75000">
		<Structural_Damage>75000</Structural_Damage>
      </Option>

      <Option Name="100000">
		<Structural_Damage>100000</Structural_Damage>
      </Option>

      <Option Name="150000">
		<Structural_Damage>150000</Structural_Damage>
      </Option>

      <Option Name="200000">
		<Structural_Damage>200000</Structural_Damage>
      </Option>

      <Option Name="250000">
		<Structural_Damage>250000</Structural_Damage>
      </Option>

    </ListBox>

  </UserInput>

  <Changes>

    <Edit File="data\misc.vpp\explosions.xtbl" LIST_ACTION="COMBINE_BY_FIELD:Name">

    <Explosion>
		<Name>sat_rpg</Name>
		<USER_INPUT>ExplosionRadius</USER_INPUT>
		<USER_INPUT>ExplosionCrumbleRadius</USER_INPUT>
		<USER_INPUT>ExplosionImpulse</USER_INPUT>
		<USER_INPUT>ExplosionStructuralDamage</USER_INPUT>
	  </Explosion>
	
    </Edit>

    <Edit File="data\misc.vpp\tweak_table.xtbl" LIST_ACTION="COMBINE_BY_FIELD:Name">

	  <Tweak_Table_Entry>
		<Name>Satellite_fov_deg</Name>
		<USER_INPUT>ArtilleryFOV</USER_INPUT>
	  </Tweak_Table_Entry>

	  <Tweak_Table_Entry>
		<Name>Satellite_weapon_refire_delay</Name>
		<USER_INPUT>ArtilleryFireDelay</USER_INPUT>
	  </Tweak_Table_Entry>

	  <Tweak_Table_Entry>
		<Name>Satellite_cam_height</Name>
		<USER_INPUT>ArtilleryCameraHeight</USER_INPUT>
	  </Tweak_Table_Entry>
    
    </Edit>

  <Replace File="data\zonescript_terr01.vpp\terr01_tutorial.scriptx" NewFile="terr01_tutorial.scriptx" />
  </Changes>
</Mod>