<Mod Name="Safehouse Vehicle Selector">
  <Author>Hazard (hazard_x@gmx.net)</Author>
  <Description>Allows you to select which kind of vehicle you would like to have at each safehouse.</Description>
  <WebLink Name="Hazardous Mods">http://www.megamods.de</WebLink>
  <UserInput>

    <ListBox Name="VehicleTypeParker" DisplayName="Vehicle for Parker Safehouse">
      <Option Name="Rocket Truck">
        <vehicle_type>Col_TrashTruck_MG1</vehicle_type>
      </Option>
      <Option Name="EDF APC">
        <vehicle_type>EDF_APC-A_1</vehicle_type>
        <vehicle_type>EDF_APC-A_2</vehicle_type>
        <vehicle_type>EDF_APC-A_3</vehicle_type>
        <vehicle_type>EDF_APC-A_4</vehicle_type>
      </Option>
      <Option Name="Machinegun Rover">
        <vehicle_type>Min_Rover-A_DMG1</vehicle_type>
        <vehicle_type>Min_Rover-A_DMG2</vehicle_type>
        <vehicle_type>Min_Rover-A_DMG3</vehicle_type>
      </Option>
      <Option Name="Light Walker">
        <vehicle_type>Walker_Min</vehicle_type>
        <vehicle_type>Walker_Min2</vehicle_type>
        <vehicle_type>Walker_Min3</vehicle_type>
      </Option>
      <Option Name="Heavy Walker">
        <vehicle_type>Walker_Civilian</vehicle_type>
        <vehicle_type>Walker_Civilian2</vehicle_type>
        <vehicle_type>Walker_Civilian3</vehicle_type>
      </Option>
      <Option Name="Combat Walker">
        <vehicle_type>Walker_Flamer</vehicle_type>
      </Option>
      <Option Name="Tank">
        <vehicle_type>EDF_MediumTank-A_1</vehicle_type>
        <vehicle_type>EDF_MediumTank-A_2</vehicle_type>
        <vehicle_type>EDF_MediumTank-A_3</vehicle_type>
      </Option>
      <Option Name="Heavy Tank">
        <vehicle_type>EDF_HeavyTank-A_1</vehicle_type>
        <vehicle_type>EDF_HeavyTank-A_2</vehicle_type>
        <vehicle_type>EDF_HeavyTank-A_3</vehicle_type>
        <vehicle_type>EDF_HeavyTank-A_4</vehicle_type>
      </Option>
      <Option Name="Rocket Tank">
        <vehicle_type>EDF_ArtTank_1</vehicle_type>
      </Option>
      <Option Name="Heavy Rocket Tank">
        <vehicle_type>EDF_ArtTank_2</vehicle_type>
      </Option>
    </ListBox>

    <ListBox Name="VehicleTypeDust" DisplayName="Vehicle for Dust Safehouse" SameOptionsAs="VehicleTypeParker" />
    <ListBox Name="VehicleTypeBadlands" DisplayName="Vehicle for Badlands Safehouse" SameOptionsAs="VehicleTypeParker" />
    <ListBox Name="VehicleTypeOASIS" DisplayName="Vehicle for OASIS Safehouse" SameOptionsAs="VehicleTypeParker" />
    <ListBox Name="VehicleTypeEOS" DisplayName="Vehicle for EOS Safehouse" SameOptionsAs="VehicleTypeParker" />

  </UserInput>
  <Changes>
    <Edit File="data\misc.vpp\spawn_group_vehicle.xtbl" LIST_ACTION="COMBINE_BY_FIELD:Name">

      <spawn_group_vehicle>
        <Name>Amb_0410Safehouse</Name>
        <vehicle_list LIST_ACTION="REPLACE">
          <USER_INPUT>VehicleTypeParker</USER_INPUT>
        </vehicle_list>
      </spawn_group_vehicle>

      <spawn_group_vehicle>
        <Name>Amb_DustSafehouse</Name>
        <vehicle_list LIST_ACTION="REPLACE">
          <USER_INPUT>VehicleTypeDust</USER_INPUT>
        </vehicle_list>
      </spawn_group_vehicle>

      <spawn_group_vehicle>
        <Name>Amb_BadlandsSafehouse</Name>
        <vehicle_list LIST_ACTION="REPLACE">
          <USER_INPUT>VehicleTypeBadlands</USER_INPUT>
        </vehicle_list>
      </spawn_group_vehicle>

      <spawn_group_vehicle>
        <Name>Amb_EosSafehouse</Name>
        <vehicle_list LIST_ACTION="REPLACE">
          <USER_INPUT>VehicleTypeEOS</USER_INPUT>
        </vehicle_list>
      </spawn_group_vehicle>

      <spawn_group_vehicle>
        <Name>Amb_OasisSafehouse</Name>
        <vehicle_list LIST_ACTION="REPLACE">
          <USER_INPUT>VehicleTypeOASIS</USER_INPUT>
        </vehicle_list>
      </spawn_group_vehicle>

    </Edit>
  </Changes>
</Mod>