<Mod Name="More Time Transporter">
  <Author>KPX7873</Author>
  <Description>Set vehicle delivery time limits to 999 seconds</Description>
  <WebLink Name="None">http://www.google.com</WebLink>
  <Changes>
    <Edit File="data\misc.vpp\activity_timed_delivery.xtbl" LIST_ACTION="COMBINE_BY_FIELD:Name">



	<Timed_Delivery>
		<Name>je_td_01</Name>
		<Time_To_Complete>999</Time_To_Complete>
		</Timed_Delivery>
	<Timed_Delivery>
		<Name>je_td_02</Name>
		<Time_To_Complete>999</Time_To_Complete>
		</Timed_Delivery>
	<Timed_Delivery>
		<Name>je_td_03</Name>
		<Time_To_Complete>999</Time_To_Complete>
		</Timed_Delivery>
	<Timed_Delivery>
		<Name>je_td_04</Name>
		<Time_To_Complete>999</Time_To_Complete>
		</Timed_Delivery>
	<Timed_Delivery>
		<Name>je_td_05</Name>
		<Time_To_Complete>999</Time_To_Complete>
		</Timed_Delivery>
	<Timed_Delivery>
		<Name>je_td_06</Name>
		<Time_To_Complete>999</Time_To_Complete>
		</Timed_Delivery>
	<Timed_Delivery>
		<Name>je_td_07</Name>
		<Time_To_Complete>999</Time_To_Complete>
		</Timed_Delivery>
	<Timed_Delivery>
		<Name>je_td_08</Name>
		<Time_To_Complete>999</Time_To_Complete>
		</Timed_Delivery>
	<Timed_Delivery>
		<Name>je_td_09</Name>
		<Time_To_Complete>999</Time_To_Complete>
		</Timed_Delivery>
	<Timed_Delivery>
		<Name>je_td_11</Name>
		<Time_To_Complete>999</Time_To_Complete>
		</Timed_Delivery>
	<Timed_Delivery>
		<Name>je_td_12</Name>
		<Time_To_Complete>999</Time_To_Complete>
		</Timed_Delivery>
	<Timed_Delivery>
		<Name>je_td_13</Name>
		<Time_To_Complete>999</Time_To_Complete>
		</Timed_Delivery>
	<Timed_Delivery>
		<Name>je_td_14</Name>
		<Time_To_Complete>999</Time_To_Complete>
		</Timed_Delivery>
	<Timed_Delivery>
		<Name>je_td_15</Name>
		<Time_To_Complete>999</Time_To_Complete>
		</Timed_Delivery>
	<Timed_Delivery>
		<Name>je_td_16</Name>
		<Time_To_Complete>999</Time_To_Complete>
		</Timed_Delivery>
	<Timed_Delivery>
		<Name>je_td_17</Name>
		<Time_To_Complete>999</Time_To_Complete>
		</Timed_Delivery>
	<Timed_Delivery>
		<Name>je_td_18</Name>
		<Time_To_Complete>999</Time_To_Complete>
		</Timed_Delivery>
	<Timed_Delivery>
		<Name>je_td_19</Name>
		<Time_To_Complete>999</Time_To_Complete>
		</Timed_Delivery>


    </Edit>
  </Changes>
</Mod>