<Mod Name="No Startup Logo">
  <Author>Hazard (hazard_x@gmx.net)</Author>
  <Description>Removes the startup logo screens. Perfect for everyone who can't see them anymore after the millionth time.</Description>
  <WebLink Name="Hazardous Mods">http://www.megamods.de</WebLink>
  <Changes>
    <Edit File="data\misc.vpp\startup_video_sequence.xtbl" LIST_ACTION="COMBINE_BY_FIELD:Name">

      <Startup_Video>
        <Name>Default</Name>
        <Video_List LIST_ACTION="REPLACE"></Video_List>
      </Startup_Video>

    </Edit>
  </Changes>
</Mod>