<Mod Name="Freeroam Mode">
  <Author>Hazard (hazard_x@gmx.net)</Author>
  <Description>No Story, just plain destruction! All story missions are disabled, all zones and safehouses are accessible from start, all collectible weapons are added to the arsenal. Combine with the Free Upgrades mod to start fully equipped!</Description>
  <WebLink Name="Hazardous Mods">http://www.megamods.de</WebLink>
  <Changes>
    <Edit File="data\misc.vpp\mission_unlock.xtbl" LIST_ACTION="COMBINE_BY_FIELD:Name">

	<mission_unlock>
		<Name>01_default</Name>
		<missions LIST_ACTION="REPLACE">
			<mission>Tutorial</mission>
		</missions>
		<mission_unlocks LIST_ACTION="REPLACE"></mission_unlocks>
		<unlocked>True</unlocked>
	</mission_unlock>
	<mission_unlock>
		<Name>02_intro_missions</Name>
		<missions LIST_ACTION="REPLACE"></missions>
		<unlocked>False</unlocked>
	</mission_unlock>
	<mission_unlock>
		<Name>03_intro_missions_part_2</Name>
		<missions LIST_ACTION="REPLACE"></missions>
		<unlocked>False</unlocked>
	</mission_unlock>
	<mission_unlock>
		<Name>04_dust</Name>
		<missions LIST_ACTION="REPLACE"></missions>
		<unlocked>False</unlocked>
	</mission_unlock>
	<mission_unlock>
		<Name>05_dfa</Name>
		<missions LIST_ACTION="REPLACE"></missions>
		<unlocked>False</unlocked>
	</mission_unlock>
	<mission_unlock>
		<Name>06_h2h_traffic_jam</Name>
		<missions LIST_ACTION="REPLACE"></missions>
		<unlocked>False</unlocked>
	</mission_unlock>
	<mission_unlock>
		<Name>07_sye</Name>
		<missions LIST_ACTION="REPLACE"></missions>
		<unlocked>False</unlocked>
	</mission_unlock>
	<mission_unlock>
		<Name>09_guns_of_tharsis</Name>
		<missions LIST_ACTION="REPLACE"></missions>
		<unlocked>False</unlocked>
	</mission_unlock>
	<mission_unlock>
		<Name>10_eos_set1</Name>
		<missions LIST_ACTION="REPLACE"></missions>
		<unlocked>False</unlocked>
	</mission_unlock>
	<mission_unlock>
		<Name>11_save_guerrilla_camp</Name>
		<missions LIST_ACTION="REPLACE"></missions>
		<unlocked>False</unlocked>
	</mission_unlock>
	<mission_unlock>
		<Name>12_eos_set2</Name>
		<missions LIST_ACTION="REPLACE"></missions>
		<unlocked>False</unlocked>
	</mission_unlock>
	<mission_unlock>
		<Name>13_central_command</Name>
		<missions LIST_ACTION="REPLACE"></missions>
		<unlocked>False</unlocked>
	</mission_unlock>
	<mission_unlock>
		<Name>14_endgame</Name>
		<missions LIST_ACTION="REPLACE"></missions>
		<unlocked>False</unlocked>
	</mission_unlock>
	<mission_unlock>
		<Name>08_tank_attack</Name>
		<missions LIST_ACTION="REPLACE"></missions>
		<unlocked>False</unlocked>
	</mission_unlock>
	<mission_unlock>
		<Name>11a_marauder_temple</Name>
		<missions LIST_ACTION="REPLACE"></missions>
		<unlocked>False</unlocked>
	</mission_unlock>
	<mission_unlock>
		<Name>03_wkwya</Name>
		<missions LIST_ACTION="REPLACE"></missions>
		<unlocked>False</unlocked>
	</mission_unlock>

    </Edit>

    <Edit File="data\misc.vpp\territories.xtbl" LIST_ACTION="COMBINE_BY_FIELD:Name">

	<Territory>
		<Name>terr01</Name>
		<Districts LIST_ACTION="COMBINE_BY_FIELD:Name">
			<District>
				<Name>Tutorial</Name>
				<liberated_tech>0</liberated_tech>
				<liberated_marauder>0</liberated_marauder>
				<liberated_edf>0</liberated_edf>
				<min_progression_edf>0</min_progression_edf>
				<Control>140</Control>
				<Control_max>140</Control_max>
			</District>
			<District>
				<Name>Parker</Name>
				<liberated_tech>0</liberated_tech>
				<liberated_marauder>0</liberated_marauder>
				<liberated_edf>0</liberated_edf>
				<min_progression_edf>0</min_progression_edf>
				<Control>999</Control>
				<Control_max>999</Control_max>
			</District>
			<District>
				<Name>Dust</Name>
				<liberated_tech>0</liberated_tech>
				<liberated_marauder>0</liberated_marauder>
				<liberated_edf>0</liberated_edf>
				<min_progression_edf>0</min_progression_edf>
				<Control>999</Control>
				<Control_max>999</Control_max>
			</District>
			<District>
				<Name>Badlands</Name>
				<liberated_tech>0</liberated_tech>
				<liberated_marauder>0</liberated_marauder>
				<liberated_edf>0</liberated_edf>
				<min_progression_edf>0</min_progression_edf>
				<Control>999</Control>
				<Control_max>999</Control_max>
			</District>
			<District>
				<Name>Oasis</Name>
				<liberated_tech>0</liberated_tech>
				<liberated_marauder>0</liberated_marauder>
				<liberated_edf>0</liberated_edf>
				<min_progression_edf>0</min_progression_edf>
				<Control>999</Control>
				<Control_max>999</Control_max>
			</District>
			<District>
				<Name>Manufacturing</Name>
				<liberated_tech>0</liberated_tech>
				<liberated_marauder>0</liberated_marauder>
				<liberated_edf>0</liberated_edf>
				<min_progression_edf>0</min_progression_edf>
				<Control>999</Control>
				<Control_max>999</Control_max>
			</District>
			<District>
				<Name>Eos</Name>
				<liberated_tech>0</liberated_tech>
				<liberated_marauder>0</liberated_marauder>
				<liberated_edf>0</liberated_edf>
				<min_progression_edf>0</min_progression_edf>
				<Control>999</Control>
				<Control_max>999</Control_max>
			</District>
			<District>
				<Name>End Game</Name>
				<liberated_tech>0</liberated_tech>
				<liberated_marauder>0</liberated_marauder>
				<liberated_edf>0</liberated_edf>
				<min_progression_edf>0</min_progression_edf>
				<Control>999</Control>
				<Control_max>999</Control_max>
			</District>

		</Districts>
	</Territory>

    </Edit>

    <Edit File="data\misc.vpp\tool_tips.xtbl" LIST_ACTION="COMBINE_BY_FIELD:Name">

	<Tool_Tips>
		<Name>Weapon_Swapping</Name>
		<Play_Times>0</Play_Times>
	</Tool_Tips>
	<Tool_Tips>
		<Name>Remote_Charge_Detonate</Name>
		<Play_Times>0</Play_Times>
	</Tool_Tips>
	<Tool_Tips>
		<Name>New_Activity</Name>
		<Play_Times>0</Play_Times>
	</Tool_Tips>
	<Tool_Tips>
		<Name>Jumping</Name>
		<Play_Times>0</Play_Times>
	</Tool_Tips>
	<Tool_Tips>
		<Name>Sprinting</Name>
		<Play_Times>0</Play_Times>
	</Tool_Tips>
	<Tool_Tips>
		<Name>Ammo_Boxes</Name>
		<Play_Times>0</Play_Times>
	</Tool_Tips>
	<Tool_Tips>
		<Name>Using_Cover</Name>
		<Play_Times>0</Play_Times>
	</Tool_Tips>
	<Tool_Tips>
		<Name>Hydrogen_Tanks</Name>
		<Play_Times>0</Play_Times>
	</Tool_Tips>
	<Tool_Tips>
		<Name>Safehouses</Name>
		<Play_Times>0</Play_Times>
	</Tool_Tips>
	<Tool_Tips>
		<Name>Stress_System</Name>
		<Play_Times>0</Play_Times>
	</Tool_Tips>
	<Tool_Tips>
		<Name>Driving</Name>
		<Play_Times>0</Play_Times>
	</Tool_Tips>
	<Tool_Tips>
		<Name>Defensive_Raid</Name>
		<Play_Times>0</Play_Times>
	</Tool_Tips>
	<Tool_Tips>
		<Name>Offensive_Raid</Name>
		<Play_Times>0</Play_Times>
	</Tool_Tips>
	<Tool_Tips>
		<Name>House_Arrest</Name>
		<Play_Times>0</Play_Times>
	</Tool_Tips>
	<Tool_Tips>
		<Name>Yellow_Alert</Name>
		<Play_Times>0</Play_Times>
	</Tool_Tips>
	<Tool_Tips>
		<Name>Guerrilla_Handbook</Name>
		<Play_Times>0</Play_Times>
	</Tool_Tips>
	<Tool_Tips>
		<Name>Civilian_Death</Name>
		<Play_Times>0</Play_Times>
	</Tool_Tips>
	<Tool_Tips>
		<Name>Missions</Name>
		<Play_Times>0</Play_Times>
	</Tool_Tips>
	<Tool_Tips>
		<Name>Mission_Objectives</Name>
		<Play_Times>0</Play_Times>
	</Tool_Tips>
	<Tool_Tips>
		<Name>Medium_Target</Name>
		<Play_Times>0</Play_Times>
	</Tool_Tips>
	<Tool_Tips>
		<Name>High_Target</Name>
		<Play_Times>0</Play_Times>
	</Tool_Tips>
	<Tool_Tips>
		<Name>Fine_Aim</Name>
		<Play_Times>0</Play_Times>
	</Tool_Tips>
	<Tool_Tips>
		<Name>RC_Ammo</Name>
		<Play_Times>0</Play_Times>
	</Tool_Tips>
	<Tool_Tips>
		<Name>EDF_Ammo</Name>
		<Play_Times>0</Play_Times>
	</Tool_Tips>
	<Tool_Tips>
		<Name>Get_Weapons</Name>
		<Play_Times>0</Play_Times>
	</Tool_Tips>
	<Tool_Tips>
		<Name>Locker</Name>
		<Play_Times>0</Play_Times>
	</Tool_Tips>
	<Tool_Tips>
		<Name>Locker_Ammo</Name>
		<Play_Times>0</Play_Times>
	</Tool_Tips>
	<Tool_Tips>
		<Name>Sectors</Name>
		<Play_Times>0</Play_Times>
	</Tool_Tips>
	<Tool_Tips>
		<Name>upgrades</Name>
		<Play_Times>0</Play_Times>
	</Tool_Tips>
	<Tool_Tips>
		<Name>control_zero</Name>
		<Play_Times>0</Play_Times>
	</Tool_Tips>
	<Tool_Tips>
		<Name>Blast</Name>
		<Play_Times>0</Play_Times>
	</Tool_Tips>
	<Tool_Tips>
		<Name>EDF_Control</Name>
		<Play_Times>0</Play_Times>
	</Tool_Tips>
	<Tool_Tips>
		<Name>GPS_Fog</Name>
		<Play_Times>0</Play_Times>
	</Tool_Tips>
	<Tool_Tips>
		<Name>GPS_Path</Name>
		<Play_Times>0</Play_Times>
	</Tool_Tips>
	<Tool_Tips>
		<Name>Walker</Name>
		<Play_Times>0</Play_Times>
	</Tool_Tips>
	<Tool_Tips>
		<Name>Sledgehammer</Name>
		<Play_Times>0</Play_Times>
	</Tool_Tips>
	<Tool_Tips>
		<Name>Handbook_Close</Name>
		<Play_Times>0</Play_Times>
	</Tool_Tips>
	<Tool_Tips>
		<Name>Complete_Missions</Name>
		<Play_Times>0</Play_Times>
	</Tool_Tips>
	<Tool_Tips>
		<Name>Safehouse_Respawn</Name>
		<Play_Times>0</Play_Times>
	</Tool_Tips>
	<Tool_Tips>
		<Name>Guerrilla_Action_GPS</Name>
		<Play_Times>0</Play_Times>
	</Tool_Tips>
	<Tool_Tips>
		<Name>Jetpack</Name>
		<Play_Times>0</Play_Times>
	</Tool_Tips>
	<Tool_Tips>
		<Name>Backpack_jetpack</Name>
		<Play_Times>0</Play_Times>
	</Tool_Tips>
	<Tool_Tips>
		<Name>Backpack_fleetfoot</Name>
		<Play_Times>0</Play_Times>
	</Tool_Tips>
	<Tool_Tips>
		<Name>Backpack_thrust</Name>
		<Play_Times>0</Play_Times>
	</Tool_Tips>
	<Tool_Tips>
		<Name>Backpack_stealth</Name>
		<Play_Times>0</Play_Times>
	</Tool_Tips>
	<Tool_Tips>
		<Name>Backpack_vision</Name>
		<Play_Times>0</Play_Times>
	</Tool_Tips>
	<Tool_Tips>
		<Name>Backpack_commando</Name>
		<Play_Times>0</Play_Times>
	</Tool_Tips>
	<Tool_Tips>
		<Name>Backpack_shockwave</Name>
		<Play_Times>0</Play_Times>
	</Tool_Tips>
	<Tool_Tips>
		<Name>Backpack_heal</Name>
		<Play_Times>0</Play_Times>
	</Tool_Tips>
	<Tool_Tips>
		<Name>Backpack_rhino</Name>
		<Play_Times>0</Play_Times>
	</Tool_Tips>
	<Tool_Tips>
		<Name>Backpack_tremor</Name>
		<Play_Times>0</Play_Times>
	</Tool_Tips>
	<Tool_Tips>
		<Name>Backpack_kaboom</Name>
		<Play_Times>0</Play_Times>
	</Tool_Tips>
	<Tool_Tips>
		<Name>Damaged_friendly_target</Name>
		<Play_Times>0</Play_Times>
	</Tool_Tips>
	<Tool_Tips>
		<Name>Repaired_enemy_target</Name>
		<Play_Times>0</Play_Times>
	</Tool_Tips>
	<Tool_Tips>
		<Name>Health_Bar</Name>
		<Play_Times>0</Play_Times>
	</Tool_Tips>
	<Tool_Tips>
		<Name>EDF_Turret</Name>
		<Play_Times>0</Play_Times>
	</Tool_Tips>
	<Tool_Tips>
		<Name>Tanks</Name>
		<Play_Times>0</Play_Times>
	</Tool_Tips>
	<Tool_Tips>
		<Name>Light_Walker</Name>
		<Play_Times>0</Play_Times>
	</Tool_Tips>
	<Tool_Tips>
		<Name>Combat_Walker</Name>
		<Play_Times>0</Play_Times>
	</Tool_Tips>
	<Tool_Tips>
		<Name>Mine_Pooper</Name>
		<Play_Times>0</Play_Times>
	</Tool_Tips>
	<Tool_Tips>
		<Name>Free_Fire_Zone</Name>
		<Play_Times>0</Play_Times>
	</Tool_Tips>
	<Tool_Tips>
		<Name>Blast_from_the_Past</Name>
		<Play_Times>0</Play_Times>
	</Tool_Tips>
	<Tool_Tips>
		<Name>MOAB_Located</Name>
		<Play_Times>0</Play_Times>
	</Tool_Tips>
	<Tool_Tips>
		<Name>Riding_Shotgun</Name>
		<Play_Times>0</Play_Times>
	</Tool_Tips>
	<Tool_Tips>
		<Name>Courier</Name>
		<Play_Times>0</Play_Times>
	</Tool_Tips>
	<Tool_Tips>
		<Name>Guerrilla_Express</Name>
		<Play_Times>0</Play_Times>
	</Tool_Tips>
	<Tool_Tips>
		<Name>Convoy</Name>
		<Play_Times>0</Play_Times>
	</Tool_Tips>
	<Tool_Tips>
		<Name>Demo_Master</Name>
		<Play_Times>0</Play_Times>
	</Tool_Tips>
	<Tool_Tips>
		<Name>Mining</Name>
		<Play_Times>0</Play_Times>
	</Tool_Tips>
	<Tool_Tips>
		<Name>Killing_Spree</Name>
		<Play_Times>0</Play_Times>
	</Tool_Tips>
	<Tool_Tips>
		<Name>Mayhem</Name>
		<Play_Times>0</Play_Times>
	</Tool_Tips>
	<Tool_Tips>
		<Name>Guerrilla_Joined</Name>
		<Play_Times>0</Play_Times>
	</Tool_Tips>
	<Tool_Tips>
		<Name>Morale</Name>
		<Play_Times>0</Play_Times>
	</Tool_Tips>
	<Tool_Tips>
		<Name>Guerrilla_Action_Complete</Name>
		<Play_Times>0</Play_Times>
	</Tool_Tips>
	<Tool_Tips>
		<Name>Salvage</Name>
		<Play_Times>0</Play_Times>
	</Tool_Tips>
	<Tool_Tips>
		<Name>Morale_Bonus</Name>
		<Play_Times>0</Play_Times>
	</Tool_Tips>
	<Tool_Tips>
		<Name>Use_GPS</Name>
		<Play_Times>0</Play_Times>
	</Tool_Tips>
	<Tool_Tips>
		<Name>Map_Zoom</Name>
		<Play_Times>0</Play_Times>
	</Tool_Tips>
	<Tool_Tips>
		<Name>waiting_for_flag</Name>
		<Play_Times>0</Play_Times>
	</Tool_Tips>
	<Tool_Tips>
		<Name>Ammo_Crate_Weapons</Name>
		<Play_Times>0</Play_Times>
	</Tool_Tips>
	<Tool_Tips>
		<Name>Multi_Rockets</Name>
		<Play_Times>0</Play_Times>
	</Tool_Tips>
	<Tool_Tips>
		<Name>Unlock_Upgrades</Name>
		<Play_Times>0</Play_Times>
	</Tool_Tips>
	<Tool_Tips>
		<Name>Thermobaric_Rocket</Name>
		<Play_Times>0</Play_Times>
	</Tool_Tips>
	<Tool_Tips>
		<Name>Insane_Mode</Name>
		<Play_Times>0</Play_Times>
	</Tool_Tips>
	<Tool_Tips>
		<Name>Unfinished_Guerrilla_Actions</Name>
		<Play_Times>0</Play_Times>
	</Tool_Tips>

    </Edit>

    <Edit File="data\misc.vpp\upgrades.xtbl" LIST_ACTION="COMBINE_BY_FIELD:Name">

	<Upgrade>
		<Name>safehouse_warp</Name>
		<Levels LIST_ACTION="COMBINE_BY_FIELD:Value">
			<Level>
				<Cost>0</Cost>
				<Value>1</Value>
				<Available>True</Available>
				<Unlock_Action>Unlocked</Unlock_Action>
				<Activity_Count>0</Activity_Count>
				<District_Liberated></District_Liberated>
			</Level>
		</Levels>
	</Upgrade>
	<Upgrade>
		<Name>radiation</Name>
		<Levels LIST_ACTION="COMBINE_BY_FIELD:Value">
			<Level>
				<Cost>0</Cost>
				<Value>1</Value>
				<Available>True</Available>
				<Unlock_Action>Unlocked</Unlock_Action>
				<Activity_Count>0</Activity_Count>
			</Level>
		</Levels>
	</Upgrade>

    </Edit>

    <Edit File="data\misc.vpp\missions.xtbl" LIST_ACTION="REPLACE">

	<mission>
		<Name>Tutorial</Name>
		<description>MISS_TUT_NAME</description>
		<resource_reservation>Tutorial</resource_reservation>
		<mode>Tutorial</mode>
		<reward_salvage>0</reward_salvage>
		<script_groups>
			<script_group_name>Tutorial</script_group_name>
			</script_groups>
		<voice_persona_list>
			<voice_persona_0>DAN</voice_persona_0>
			<voice_persona_1>MISSION</voice_persona_1>
			</voice_persona_list>
		<managed_layer_info>
			<layer_file_0>terr01_03_12_128</layer_file_0>
			</managed_layer_info>
		<_Editor>
			<Category>Entries</Category>
			</_Editor>
		<district>Tutorial</district>
		<capstone>False</capstone>
		<crit_area_line>mis_agn_leave_warning_rfc</crit_area_line>
		<morale_multiplier>0</morale_multiplier>
		<No_Autosave>True</No_Autosave>
		<hidden>False</hidden>
		<final_mission>False</final_mission>
		<cutscene_played>True</cutscene_played>
	</mission>

    </Edit>

    <Replace File="data\zonescript_terr01.vpp\terr01_tutorial.scriptx" NewFile="terr01_tutorial.scriptx" />
    <Replace File="data\zonescript_terr01.vpp\terr01_04_10_tool_tips.scriptx" NewFile="terr01_04_10_tool_tips.scriptx" />
    <Replace File="data\zonescript_terr01.vpp\terr01_ffz.scriptx" NewFile="terr01_ffz.scriptx" />

  </Changes>
</Mod>