<Mod Name="Convoy Spawn Window Increase">
  <Author>KPX7873</Author>
  <Description>Increase convoy spawn windows 0100 to 2400</Description>
  <WebLink Name="None">http://www.google.com</WebLink>
  <Changes>
    <Edit File="data\misc.vpp\convoys.xtbl" LIST_ACTION="COMBINE_BY_FIELD:Name">

	<Convoy>
		<Name>je_cd_02</Name>
		<tod_info>
			<spawn_start_time>1</spawn_start_time>
			<spawn_end_time>24</spawn_end_time>
			</tod_info>
		</Convoy>
	<Convoy>
		<Name>je_cc_01</Name>
		<tod_info>
			<spawn_start_time>1</spawn_start_time>
			<spawn_end_time>24</spawn_end_time>
			</tod_info>
		</Convoy>
	<Convoy>
		<Name>je_cd_01</Name>
		<tod_info>
			<spawn_start_time>1</spawn_start_time>
			<spawn_end_time>24</spawn_end_time>
			</tod_info>
		</Convoy>
	<Convoy>
		<Name>je_cd_04</Name>
		<tod_info>
			<spawn_start_time>1</spawn_start_time>
			<spawn_end_time>24</spawn_end_time>
			</tod_info>
		</Convoy>
	<Convoy>
		<Name>je_cc_02</Name>
		<tod_info>
			<spawn_start_time>1</spawn_start_time>
			<spawn_end_time>24</spawn_end_time>
			</tod_info>
		</Convoy>
	<Convoy>
		<Name>je_cc_03</Name>
		<tod_info>
			<spawn_start_time>1</spawn_start_time>
			<spawn_end_time>24</spawn_end_time>
			</tod_info>
		</Convoy>
	<Convoy>
		<Name>je_cd_03</Name>
		<tod_info>
			<spawn_start_time>1</spawn_start_time>
			<spawn_end_time>24</spawn_end_time>
			</tod_info>
		</Convoy>
	<Convoy>
		<Name>je_cc_05</Name>
		<tod_info>
			<spawn_start_time>1</spawn_start_time>
			<spawn_end_time>24</spawn_end_time>
			</tod_info>
		</Convoy>
	<Convoy>
		<Name>je_cd_05</Name>
		<tod_info>
			<spawn_start_time>1</spawn_start_time>
			<spawn_end_time>24</spawn_end_time>
			</tod_info>
		</Convoy>

    </Edit>
  </Changes>
</Mod>